Home Page,Location Page,Borough Page,Postcode
,Abbey Wood,"Bexley, Greenwich",SE2
,Acton,"Ealing, Hammersmith and Fulham","W3, W4"
,Acton Green,Ealing,W4
,Addington,Croydon,CR0
,Addiscombe,Croydon,CR0
,Albany Park,Bexley,"DA5, DA14"
,Aldborough Hatch,Redbridge,IG2
,Aldgate,City,EC3
,Aldwych,Westminster,WC2
,Alperton,Brent,HA0
,Anerley,Bromley,SE20
,Angel,Islington,"EC1, N1"
,Aperfield,Bromley,TN16
,Archway,Islington,N19
,Ardleigh Green,Havering,RM11
,Arkley,Barnet,"EN5, NW7"
,Arnos Grove,Enfield,"N11, N14"
,Balham,Wandsworth,SW12
,Bankside,Southwark,SE1
,Barbican,City,"EC1, EC2"
,Barking,Barking and Dagenham,IG11
,Barking Riverside,Barking and Dagenham,IG11
,Barkingside,Redbridge,IG6
,Barnehurst,Bexley,DA7
,Barnes,Richmond upon Thames,SW13
,Barnes Cray,Bexley,DA1
,"Barnet (also Chipping Barnet, High Barnet)",Barnet,EN5
,Barnet Gate,Barnet,"NW7, EN5"
,Barnsbury,Islington,N1
,Battersea,Wandsworth,SW11
,Bayswater,Westminster,W2
,Beam Park,"Barking and Dagenham, Havering","RM9, RM13"
,Beckenham,Bromley,"BR3, SE20"
,Beckton,Newham,"E6, E16, IG11"
,Becontree,Barking and Dagenham,RM9
,Becontree Heath,Barking and Dagenham,RM8
,Beddington,Sutton,"SM6, CR0"
,Bedford Park,Ealing,W4
,Belgravia,Westminster,SW1
,Bell Green,Lewisham,"SE6, SE26"
,Bellingham,Lewisham,SE6
,Belmont,Harrow,"HA3, HA7"
,Belmont,Sutton,SM2
,Belsize Park,Camden,NW3
,Belvedere,Bexley,DA17
,Bermondsey,Southwark,SE1
,Berry's Green,Bromley,TN16
,Berrylands,Kingston upon Thames,KT5
,Bethnal Green,Tower Hamlets,E2
,"Bexley (also Old Bexley, Bexley Village)",Bexley,DA5
,Bexleyheath (also Bexley New Town),Bexley,"DA6, DA7, SE2"
,Bickley,Bromley,BR3
,Biggin Hill,Bromley,TN16
,Blackfen,Bexley,DA15
,Blackfriars,City,EC4
,Blackheath,Lewisham,SE3
,Blackheath Royal Standard,Greenwich,"SE3, SE12"
,Blackwall,Tower Hamlets,E14
,Blendon,Bexley,DA5
,Bloomsbury,Camden,WC1
,Botany Bay,Enfield,EN2
,Bounds Green,Haringey,"N11, N22"
,Bow,Tower Hamlets,E3
,Bowes Park,Haringey,N22
,Brentford,Hounslow,TW8
,Brent Cross,Barnet,"NW2, NW4"
,Brent Park,Brent,NW10
,Brimsdown,Enfield,EN3
,Brixton,Lambeth,"SW2, SW9, SE5"
,Brockley,Lewisham,SE4
,Bromley,Bromley,BR1
,Bromley (also Bromley-by-Bow),Tower Hamlets,E3
,Bromley Common,Bromley,BR3
,Brompton,"Kensington and Chelsea, Hammersmith and Fulham",SW3
,Brondesbury,"Brent, Camden",NW6
,Brunswick Park,Barnet,N11
,Bulls Cross,Enfield,"EN2, EN3"
,Burnt Oak,Barnet,HA8
,"Burroughs, The",Barnet,NW4
,Camberwell,Southwark,SE5
,Cambridge Heath,Tower Hamlets,E2
,Camden Town,Camden,NW1
,Canary Wharf,Tower Hamlets,E14
,Cann Hall,Waltham Forest,E11
,Canning Town,Newham,E16
,Canonbury,Islington,N1
,Carshalton,Sutton,SM5
,Castelnau,Richmond upon Thames,SW13
,Castle Green,Barking and Dagenham,RM9
,Catford,Lewisham,SE6
,Chadwell Heath,"Barking and Dagenham, Redbridge",RM6
,Chalk Farm,Camden,NW1
,Charing Cross,Westminster,WC2
,Charlton,Greenwich,SE7
,Chase Cross,Havering,RM5
,Cheam,Sutton,"SM1, SM2, SM3"
,Chelsea,Kensington and Chelsea,SW3
,Chelsfield,Bromley,BR6
,Chessington,Kingston upon Thames,KT9
,Childs Hill,Barnet,NW2
,Chinatown,Westminster,W1
,Chinbrook,Lewisham,SE12
,Chingford,Waltham Forest,E4
,Chislehurst,Bromley,BR7
,Chiswick,"Hounslow, Ealing",W4
,Church End,Brent,NW10
,Church End,Barnet,N3
,Clapham,"Lambeth, Wandsworth",SW4
,Clapham Junction,Wandsworth,SW11
,Clerkenwell,"Islington, Camden",EC1
,Cockfosters,"Barnet, Enfield",EN4
,Coldblow,Bromley,DA5
,Colindale,Barnet,NW9
,Collier Row,Havering,RM5
,Colliers Wood,Merton,SW19
,Colney Hatch,Barnet,"N11, N10"
,Coney Hall,Bromley,BR4
,Coombe,Croydon,CR0
,Coombe,Kingston upon Thames,KT2
,Coulsdon,Croydon,CR5
,Covent Garden,"Westminster, Camden",WC2
,Cowley,Hillingdon,UB8
,Cranford,Hounslow,TW5
,Cranham,Havering,RM14
,Crayford,Bexley,DA1
,Creekmouth,Barking and Dagenham,IG11
,Crews Hill,Enfield,EN2
,Cricklewood,"Barnet, Brent, Camden",NW2
,Crofton Park,Lewisham,SE4
,Crook Log,Bexley,DA6
,Crossness,Bexley,SE2
,Crouch End,Haringey,N8
,Croydon,Croydon,CR0
,Crystal Palace,Bromley,"SE19, SE20, SE26"
,Cubitt Town,Tower Hamlets,E14
,Cudham,Bromley,TN14
,Custom House,Newham,E16
,Dagenham,Barking and Dagenham,"RM9, RM10"
,Dalston,Hackney,E8
,De Beauvoir Town,Hackney,N1
,Denmark Hill,Southwark,SE5
,Deptford,Lewisham,SE8
,Derry Downs,Bromley,BR5
,Dollis Hill,Brent,NW2
,Downe,Bromley,BR6
,Downham,Lewisham,BR1
,Dulwich,"Lambeth, Southwark",SE21
,Dulwich Village,Southwark,"SE21, SE22"
,Ealing,Ealing,"W5, W13"
,Earls Court,Kensington and Chelsea,"SW5, SW10"
,Earlsfield,Wandsworth,SW18
,East Barnet,Barnet,EN4
,East Bedfont,Hounslow,TW14
,East Dulwich,Southwark,SE22
,East Finchley,Barnet,N2
,East Ham,Newham,E6
,East Sheen,Richmond upon Thames,SW14
,East Wickham,Bexley,DA16
,Eastcote,Hillingdon,"HA5, HA4"
,Eden Park,Bromley,BR3
,Edgware,Barnet,HA8
,Edmonton,Enfield,"N9, N18"
,Eel Pie Island,Richmond upon Thames,TW1
,Elephant and Castle,Southwark,"SE1, SE11, SE17"
,Elm Park,Havering,RM12
,Elmers End,Bromley,BR3
,Elmstead,Bromley,BR7
,Eltham,Greenwich,SE9
,Emerson Park,Havering,RM11
,Enfield Highway,Enfield,EN3
,Enfield Lock,Enfield,EN3
,Enfield Town,Enfield,"EN1, EN2"
,Enfield Wash,Enfield,EN3
,Erith,Bexley,"DA8, DA18"
,Falconwood,"Bexley, Greenwich","SE9, DA16"
,Farringdon,"Islington, City",EC1
,Feltham,Hounslow,"TW13, TW14"
,Finchley,Barnet,"N2, N3, N12"
,Finsbury,Islington,EC1
,Finsbury Park,"Haringey, Islington",N4
,Fitzrovia,"Camden, Westminster",W1
,Foots Cray,Bexley,DA14
,Forest Gate,Newham,E7
,Forest Hill,Lewisham,SE23
,Forestdale,Croydon,CR0
,Fortis Green,Haringey,N10
,Freezywater,Enfield,EN3
,Friern Barnet,Barnet,N11
,Frognal,Camden,NW3
,Fulham,Hammersmith and Fulham,SW6
,Fulwell,Richmond upon Thames,"TW11, TW12"
,Gallows Corner,Havering,"RM2, RM3"
,Gants Hill,Redbridge,IG2
,Gidea Park,Havering,RM2
,Gipsy Hill,Lambeth,"SE19, SE27"
,Goddington,Bromley,BR6
,Golders Green,Barnet,NW11
,Goodmayes,Redbridge,IG3
,Gospel Oak,Camden,"NW5, NW3"
,Grahame Park,Barnet,NW9
,Grange Park,Enfield,N21
,Greenford,Ealing,UB6
,Greenwich,Greenwich,SE10
,Grove Park,Hounslow,W4
,Grove Park,Lewisham,SE12
,Gunnersbury,Hounslow,W4
,Hackney,Hackney,"E5, E8, E9, N1, N16"
,Hackney Central,Hackney,E8
,Hackney Marshes,Hackney,E9
,Hackney Wick,Hackney,E9
,Hadley Wood,Enfield,EN4
,Haggerston,Hackney,E2
,Hainault,Redbridge,IG7
,"Hale, The",Barnet,NW7
,Ham,Richmond upon Thames,TW10
,Hammersmith,Hammersmith and Fulham,W6
,Hampstead,Camden,NW3
,Hampstead Garden Suburb,Barnet,N2
,Hampton,Richmond upon Thames,TW12
,Hampton Hill,Richmond upon Thames,TW12
,Hampton Wick,Richmond upon Thames,KT1
,Hanwell,Ealing,W7
,Hanworth,Hounslow,TW13
,Harefield,Hillingdon,UB9
,Harlesden,Brent,NW10
,Harlington,Hillingdon,UB3
,Harmondsworth,Hillingdon,UB7
,Harold Hill,Havering,RM3
,Harold Park,Havering,RM3
,Harold Wood,Havering,RM3
,Harringay,Haringey,"N4, N8, N15"
,Harrow,Harrow,HA1
,Harrow on the Hill,Harrow,HA1
,Harrow Weald,Harrow,HA3
,Hatch End,Harrow,HA5
,Hatton,Hounslow,TW14
,Havering-atte-Bower,Havering,RM4
,Hayes,Bromley,BR2
,Hayes,Hillingdon,"UB3, UB4"
,Hazelwood,Bromley,BR6
,Hendon,Barnet,NW4
,Herne Hill,"Lambeth, Southwark",SE24
,Heston,Hounslow,TW5
,Highams Park,Waltham Forest,E4
,Highbury,Islington,N5
,Highgate,"Camden, Islington, Haringey",N6
,Hillingdon,Hillingdon,"UB8, UB10"
,Hither Green,Lewisham,SE13
,Holborn,"Camden, City","WC1, WC2"
,Holland Park,Kensington and Chelsea,"W8, W11, W14"
,Holloway,Islington,N7
,Homerton,Hackney,E9
,Honor Oak,Lewisham,SE23
,Hook,Kingston upon Thames,KT9
,Hornchurch,Havering,"RM11, RM12"
,Horn Park,"Greenwich, Lewisham",SE12
,Horns Green,Bromley,TN14
,Hornsey,Haringey,N8
,Hounslow,Hounslow,TW3
,Hoxton,Hackney,N1
,"Hyde, The",Barnet,NW9
,Ickenham,Hillingdon,UB10
,Ilford,Redbridge,IG1
,Isle of Dogs,Tower Hamlets,E14
,Isleworth,Hounslow,TW7
,Islington,Islington,N1
,Kenley,Croydon,CR8
,Kennington,"Lambeth, Southwark",SE11
,Kensal Green,Brent,"NW10, NW6"
,Kensington,Kensington and Chelsea,SW7
,Kentish Town,Camden,NW5
,Kenton,"Brent, Harrow",HA3
,Keston,Bromley,BR2
,Kevington,Bromley,BR5
,Kew,Richmond upon Thames,TW9
,Kidbrooke,Greenwich,SE3
,Kilburn,"Brent, Camden, Westminster",NW6
,King's Cross,"Camden, Islington","N1, N1C, NW1, WC1"
,King's Cross Central,"Camden, Islington",N1C
,Kingsbury,Brent,NW9
,Kingston Vale,Kingston upon Thames,SW15
,Kingston upon Thames,Kingston upon Thames,"KT1, KT2"
,Knightsbridge,Westminster,SW1
,Ladywell,Lewisham,"SE4, SE13"
,Lambeth,Lambeth,SE1
,Lamorbey,Bexley,DA15
,Lampton,Hounslow,TW4
,Lea Bridge,Hackney,E10
,Leamouth,Tower Hamlets,E14
,Leaves Green,Bromley,BR2
,Lee,Lewisham,SE12
,Lessness Heath,Bexley,DA17
,Lewisham,Lewisham,SE13
,Leyton,Waltham Forest,"E10, E15"
,Leytonstone,Waltham Forest,E11
,Limehouse,Tower Hamlets,E14
,Lisson Grove,Westminster,NW8
,Little Ilford,Newham,E12
,Little Venice,Westminster,"W9, W2"
,Locksbottom,Bromley,BR6
,Longford,Hillingdon,UB7
,Longlands,Bexley,"SE9, DA14, DA15"
,Lower Clapton,Hackney,E5
,Lower Morden,Merton,SM4
,Loxford,Redbridge,IG1
,Luxted,Bromley,BR6
,Maida Vale,Westminster,W9
,Malden Rushett,Kingston upon Thames,KT9
,Manor House,Hackney,N4
,Manor Park,Newham,E12
,Marks Gate,Barking and Dagenham,RM6
,Maryland,Newham,E15
,Marylebone (also St Marylebone),Westminster,W1
,Mayfair,Westminster,W1
,Maze Hill,Greenwich,SE10
,Merton Park,Merton,SW19
,Middle Park,Greenwich,SE9
,Mile End,Tower Hamlets,E1
,Mill Hill,Barnet,NW7
,Millbank,Westminster,SW1
,Millwall,Tower Hamlets,E14
,Mitcham,Merton,CR4
,Monken Hadley,Barnet,EN5
,Morden,Merton,SM4
,Morden Park,Merton,SM4
,Mortlake,Richmond upon Thames,SW14
,Motspur Park,Kingston upon Thames,KT3
,Mottingham,"Bromley, Greenwich ,Lewisham",SE9
,Muswell Hill,"Haringey, Barnet",N10
,Neasden,Brent,"NW2, NW10"
,New Addington,Croydon,CR0
,New Barnet,Barnet,"EN4, EN5"
,New Cross,Lewisham,SE14
,New Eltham,Greenwich,SE9
,New Malden,Kingston upon Thames,KT3
,New Southgate,Barnet,N11
,Newbury Park,Redbridge,IG2
,Newington,Southwark,"SE1, SE17"
,Nine Elms,Wandsworth,SW8
,Noak Hill,Havering,"RM3, RM4"
,Norbiton,Kingston upon Thames,KT1
,Norbury,Croydon,SW16
,North Cray,Bexley,DA14
,North End,Bexley,DA8
,North End,"Camden, Barnet",NW3
,North Finchley,Barnet,N12
,North Harrow,Harrow,"HA1, HA2"
,North Kensington,Kensington and Chelsea,"W10, W11"
,North Ockendon,Havering,RM14
,North Sheen,Richmond upon Thames,TW9
,North Woolwich,Newham,E16
,Northolt,Ealing,UB5
,Northumberland Heath,Bexley,DA8
,Northumberland Park,Haringey,N17
,Northwood,Hillingdon,HA6
,Norwood Green,Ealing,UB2
,Notting Hill,Kensington and Chelsea,W11
,Nunhead,Southwark,SE15
,Oakleigh Park,Barnet,N20
,Old Chiswick,Hounslow,W4
,Old Coulsdon,Croydon,CR5
,Old Ford,Tower Hamlets,E3
,Old Malden,Kingston upon Thames,KT4
,Old Oak Common,Hammersmith and Fulham,NW10
,Orpington,Bromley,"BR5, BR6"
,Osidge,Barnet,N14
,Osterley,Hounslow,TW7
,Oval,Lambeth,"SW8, SW9, SE11"
,Paddington,Westminster,W2
,Palmers Green,Enfield,N13
,Park Royal,"Brent, Ealing",NW10
,Parsons Green,Hammersmith and Fulham,SW6
,Peckham,Southwark,SE15
,Penge,Bromley,SE20
,Pentonville,Islington,N1
,Perivale,Ealing,UB6
,Petersham,Richmond upon Thames,TW10
,Petts Wood,Bromley,BR5
,Pimlico,Westminster,SW1
,Pinner,Harrow,HA5
,Plaistow,Newham,E13
,Plaistow,Bromley,BR1
,Plumstead,Greenwich,SE18
,Ponders End,Enfield,"EN1, EN3"
,Poplar,Tower Hamlets,E14
,Pratt's Bottom,Bromley,BR6
,Preston,Brent,HA9
,Primrose Hill,Camden,"NW1, NW3, NW8"
,Purley,Croydon,CR8
,Putney,Wandsworth,SW15
,Queen's Park,"Brent, Westminster",NW6
,Queensbury,"Harrow, Brent","HA3, HA7, HA8, NW9"
,Rainham,Havering,RM13
,Ratcliff,Tower Hamlets,E1
,Rayners Lane,Harrow,HA5
,Raynes Park,Merton,SW20
,Redbridge,Redbridge,IG4
,Richmond,Richmond upon Thames,"TW9, TW10"
,Riddlesdown,Croydon,CR8
,Roehampton,Wandsworth,SW15
,Romford,Havering,RM1
,Rotherhithe,Southwark,SE16
,Ruislip,Hillingdon,HA4
,Rush Green,"Barking and Dagenham, Havering",RM7
,Ruxley,"Bexley, Bromley","DA14, BR5"
,Sanderstead,Croydon,CR2
,Sands End,Hammersmith and Fulham,SW6
,Selhurst,Croydon,SE25
,Selsdon,Croydon,CR2
,Seven Kings,Redbridge,IG3
,Seven Sisters,Haringey,N15
,Shacklewell,Hackney,"E8, N16"
,Shadwell,Tower Hamlets,E1
,Shepherd's Bush,Hammersmith and Fulham,W12
,Shirley,Croydon,CR0
,Shooter's Hill,Greenwich,SE18
,Shoreditch,Hackney,N1
,Sidcup,Bexley,"DA14, DA15"
,Silvertown,Newham,E16
,Single Street,Bromley,TN16
,Sipson,Hillingdon,UB7
,Slade Green,Bexley,DA8
,Snaresbrook,"Redbridge, Waltham Forest",E11
,Soho,Westminster,W1
,Somerstown,Camden,NW1
,South Croydon,Croydon,CR2
,South Hackney,Hackney,E9
,South Harrow,Harrow,HA2
,South Hornchurch,Havering,RM13
,South Kensington,Kensington and Chelsea,"SW7, SW3, SW5"
,South Norwood,Croydon,SE25
,South Ruislip,Hillingdon,HA4
,South Street,Bromley,TN16
,South Wimbledon,Merton,SW19
,South Woodford,Redbridge,E18
,South Tottenham,Haringey,"N15, N17"
,Southend,Lewisham,SE6
,Southall,Ealing,"UB1, UB2"
,Southborough,Bromley,BR2
,Southfields,Wandsworth,"SW18, SW19"
,Southgate,Enfield,N14
,Southwark,Southwark,SE1
,Spitalfields,Tower Hamlets,E1
,St Helier,Merton,SM4
,St James's,Westminster,SW1
,St Margarets,Richmond upon Thames,TW1
,St Giles,Camden,WC2
,St Johns,Lewisham,SE4
,St John's Wood,Westminster,NW8
,St Luke's,Islington,EC1
,St Mary Cray,Bromley,BR5
,St Pancras,Camden,WC1
,St Paul's Cray,Bromley,BR5
,Stamford Hill,Hackney,"N15, N16"
,Stanmore,Harrow,HA7
,Stepney,Tower Hamlets,E1
,Stockwell,Lambeth,"SW8, SW9"
,Stoke Newington,Hackney,N16
,Stonebridge,Brent,NW10
,Stratford,Newham,E15
,Stratford City,Newham,"E15, E20"
,Strawberry Hill,Richmond upon Thames,"TW1, TW2"
,Streatham,Lambeth,SW16
,Stroud Green,Haringey,N4
,Sudbury,"Brent, Ealing, Harrow","HA0, HA1"
,Sundridge,Bromley,BR1
,Surbiton,Kingston upon Thames,"KT5, KT6"
,Surrey Quays,Southwark,SE16
,Sutton,Sutton,"SM1, SM2"
,Swiss Cottage,Camden,NW3
,"Sydenham (also Lower Sydenham, Upper Sydenham)","Lewisham, Bromley",SE26
,Sydenham Hill,"Lewisham, Southwark","SE21, SE26"
,Teddington,Richmond upon Thames,TW11
,Temple,"City, Westminster","EC4, WC2"
,Temple Fortune,Barnet[15],NW11
,Thamesmead,"Bexley, Greenwich","SE28, SE2, DA18"
,Thames View,Barking and Dagenham,IG11
,Thornton Heath,Croydon,CR7
,Tokyngton,Brent,HA9
,Tolworth,Kingston upon Thames,"KT5, KT6"
,Tooting,Wandsworth,SW17
,Tooting Bec,Wandsworth,SW17
,Tottenham,Haringey,"N15, N17"
,Tottenham Green,Haringey,N15
,Tottenham Hale,Haringey,"N15, N17"
,Totteridge,Barnet,N20
,Tower Hill,Tower Hamlets,EC3
,Tufnell Park,"Islington, Camden","N7, N19"
,Tulse Hill,Lambeth,"SW2, SE27"
,Turnpike Lane,Haringey,N8
,Twickenham,Richmond upon Thames,"TW1, TW2"
,Upminster,Havering,RM14
,Upminster Bridge,Havering,RM12
,Upney,Barking and Dagenham,IG11
,Upper Clapton,Hackney,E5
,Upper Holloway,Islington,N19
,Upper Norwood,Croydon,SE19
,Upper Ruxley,"Bexley, Bromley","DA14, BR5"
,Upper Walthamstow,Waltham Forest,E17
,Upton,Bexley,DA6
,Upton Park,Newham,"E6, E13"
,Uxbridge,Hillingdon,UB8
,Vauxhall,Lambeth,SW8
,Waddon,Croydon,CR0
,Wallington,Sutton,SM6
,Walthamstow,Waltham Forest,E17
,Walthamstow Village,Waltham Forest,E17
,Walworth,Southwark,SE17
,Wandsworth,Wandsworth,SW18
,Wanstead,Redbridge,E11
,Wapping,Tower Hamlets,E1
,Wealdstone,Harrow,HA3
,Well Hall,Greenwich,SE9
,Welling,Bexley,DA16
,Wembley,Brent,"HA0, HA9"
,Wembley Park,Brent,HA9
,Wennington,Havering,RM13
,West Brompton,Kensington and Chelsea,SW10
,West Drayton,Hillingdon,UB7
,West Dulwich,"Lambeth, Southwark",SE21
,West Ealing,Ealing,W13
,West Green,Haringey,N15
,West Hackney,Hackney,N16
,West Ham,Newham,"E13, E15"
,West Hampstead,Camden,NW6
,West Harrow,Harrow,HA2
,West Heath,Bexley,SE2
,West Hendon,Barnet,NW9
,West Kensington,Hammersmith and Fulham,W14
,West Norwood,Lambeth,SE27
,West Wickham,Bromley,BR4
,Westcombe Park,Greenwich,SE3
,Westminster,Westminster,SW1
,Whetstone,Barnet,N20
,White City,Hammersmith and Fulham,W12
,Whitechapel,Tower Hamlets,E1
,Widmore (also Widmore Green),Bromley,BR1
,Whitton,Richmond upon Thames,TW2
,Willesden,Brent,NW10
,Wimbledon,Merton,"SW19, SW20"
,Winchmore Hill,Enfield,N21
,Wood Green,Haringey,N22
,Woodford,Redbridge,"IG8, E18"
,Woodford Bridge,Redbridge,IG8
,Woodford Wells,Redbridge,IG8
,Woodford Green,"Redbridge, Waltham Forest",IG8
,Woodlands,Hounslow,TW7
,Woodside,Croydon,CR0
,Woodside Park,Barnet,N12
,Woolwich,Greenwich,SE18
,Worcester Park,"Sutton, Kingston upon Thames",KT4
,Wormwood Scrubs,Hammersmith and Fulham,W12
,Yeading,Hillingdon,UB4
,Yiewsley,Hillingdon,UB7
